{
  "i_thal_komur": 0.001168825880737212,
  "hour_sin": 9.578079097072312e-07,
  "hour_cos": 0.0022937038235410156,
  "dow_sin": -0.0005511751947998467,
  "dow_cos": 0.00011281966870567706,
  "doy_sin": 8.075404490903714e-06,
  "doy_cos": 0.0,
  "is_weekend": -0.0003526605690449602,
  "is_business_hour": 0.00019222857421912208,
  "is_holiday": 0.00022429539772753638,
  "prod_wind": -0.00011712371357356366,
  "prod_solar": 0.0008722369406964803,
  "prod_hydro": 0.00014748355224892818,
  "prod_thermal": 0.0018185995093578766,
  "prod_renewable_share": -0.0007588059299243222,
  "net_balance": -0.0004115801694676624,
  "lag_1h": 0.11712859284540837,
  "lag_2h": -0.00043486471113379777,
  "lag_3h": -0.0013132405803770396,
  "lag_24h": 0.007360710294739214,
  "lag_168h": 1.0040962688386832,
  "roll_mean_24h": 0.00029196499621589875,
  "roll_mean_168h": -1.6796538640051483e-05,
  "roll_std_24h": 0.0007080305185799607,
  "roll_max_24h": 4.480931827401946e-05,
  "roll_min_24h": 0.0001851508955400205
}