{
  "i_thal_komur": 0.0023049147413407357,
  "hour_sin": 0.0012567219926921335,
  "hour_cos": 0.014020511404777069,
  "dow_sin": 0.0,
  "dow_cos": 0.0,
  "doy_sin": 0.0,
  "doy_cos": 0.0,
  "is_weekend": -7.664507315081614e-05,
  "is_business_hour": 0.0,
  "is_holiday": 0.0,
  "prod_wind": -4.1284747098158105e-05,
  "prod_solar": 0.006544422649254833,
  "prod_hydro": -0.002167157006534526,
  "prod_thermal": 0.001455943779568747,
  "prod_renewable_share": 0.00031794950215772164,
  "net_balance": 0.0012707748905608552,
  "lag_1h": 0.169571428643403,
  "lag_2h": 0.0014103491296278859,
  "lag_3h": -0.0008658561866700665,
  "lag_24h": 0.007436034927173829,
  "lag_168h": 1.2235078212523072,
  "roll_mean_24h": 0.0,
  "roll_mean_168h": 2.8362810723148168e-05,
  "roll_std_24h": 0.0018323126460285776,
  "roll_max_24h": 0.0,
  "roll_min_24h": 6.094043708060326e-06
}