{
  "test": {
    "baseline_last_hour": {
      "rmse": 1498.1935180349183,
      "mae": 1162.2536607142856,
      "r2": 0.8988941304631266,
      "mape": 3.1914266188927023,
      "smape": 3.2033779146044314
    },
    "baseline_seasonal_168h": {
      "rmse": 1489.3841081892829,
      "mae": 888.012857142857,
      "r2": 0.9000796441023383,
      "mape": 2.4943103112231007,
      "smape": 2.415015285820637
    },
    "decision_tree": {
      "rmse": 1311.2091230905103,
      "mae": 833.4892571031729,
      "r2": 0.922556590353375,
      "mape": 2.380580805430241,
      "smape": 2.3444025164430986
    },
    "adaboost": {
      "rmse": 1040.0333185460736,
      "mae": 596.1739545011473,
      "r2": 0.9512768849847606,
      "mape": 1.6741227163332009,
      "smape": 1.6415662238575282
    }
  },
  "cv": {
    "decision_tree": 1472.5033292404999,
    "adaboost": 1079.3275820580432
  }
}